Designator,Mid X,Mid Y,Rotation,Layer
C10,141.4,-109.6,270.0,top
C11,131.0,-96.2,0.0,top
C12,144.4,-111.4,0.0,top
C13,133.9,-96.2,0.0,top
C14,132.8,-94.0,90.0,top
C15,135.2,-93.8,90.0,top
C16,153.7,-104.8,90.0,top
C17,143.5,-105.9,90.0,top
C18,143.5,-108.1,270.0,top
C19,152.8,-95.65,270.0,top
C20,152.5,-97.8,0.0,top
C21,154.1,-95.65,270.0,top
C22,155.8,-95.4,270.0,top
C23,144.9,-98.8,180.0,top
C24,141.5,-94.6,180.0,top
C25,167.8,-82.72,90.0,top
C26,143.3,-84.2,270.0,bottom
C27,145.4,-84.2,270.0,bottom
C28,163.75,-95.9,180.0,top
C29,163.75,-93.8,180.0,top
C30,159.55,-100.1,0.0,top
C31,159.55,-98.0,0.0,top
C32,163.75,-100.1,180.0,top
C33,165.7,-92.8,270.0,bottom
C34,167.9,-92.8,270.0,bottom
C35,159.55,-93.8,0.0,top
C36,159.55,-95.9,0.0,top
C37,173.6,-90.7,0.0,top
C38,173.6,-88.6,0.0,top
C39,173.6,-86.5,0.0,top
C40,163.75,-98.0,180.0,top
C41,173.6,-86.5,180.0,bottom
C42,132.4,-114.0,270.0,top
C43,156.5,-128.0,180.0,top
C44,144.8,-99.2,90.0,bottom
C45,162.0,-125.1,180.0,bottom
C46,158.0,-118.0,180.0,bottom
C47,158.0,-115.0,180.0,bottom
C48,158.0,-121.1,180.0,bottom
C49,147.3325,-114.84,90.0,top
C50,166.85,-109.3,270.0,top
C51,163.1,-115.8,270.0,top
C52,165.6,-109.3,270.0,top
C53,163.45,-108.72,0.0,top
C54,163.45,-110.02,0.0,top
C55,156.5,-123.6,90.0,top
C56,158.425,-119.7,180.0,top
C57,164.6,-115.8,270.0,top
C58,154.5,-111.9,270.0,top
C59,150.1,-113.9,180.0,top
C60,153.8,-117.2,0.0,top
C61,142.7325,-114.5,270.0,top
C62,132.0,-113.8,90.0,bottom
C7,138.4,-111.6,180.0,top
C8,142.6,-100.4,270.0,top
C9,127.8,-108.9,180.0,top
D1,153.3,-117.5,270.0,bottom
D10,177.4,-98.52,270.0,bottom
D11,169.7,-83.0,90.0,bottom
D2,153.3,-114.4,90.0,bottom
D3,153.3,-120.4,90.0,bottom
D4,171.1,-119.2,90.0,top
D5,132.8,-95.2,270.0,bottom
DA1,149.8,-120.4,270.0,top
DA2,132.0,-111.3,0.0,bottom
FB1,134.0,-94.5,90.0,top
J1,136.8125,-122.84,330.0,top
J10,150.007776,-74.592106,0.0,top
J11,172.325,-100.0,90.0,top
J12,164.1,-86.7,270.0,top
J3,163.1875,-122.84142,30.0,top
J5,127.15858,-113.1875,300.0,top
J8,161.9,-119.4,90.0,bottom
J9,142.8,-86.7,0.0,top
JP1,137.9,-120.3,270.0,bottom
JP3,153.0,-105.4,90.0,bottom
JP4,155.7,-105.425,90.0,bottom
JP5,132.8,-118.5,270.0,bottom
L1,158.9,-114.9,180.0,top
LED1,159.4,-108.6,270.0,top
LED2,150.2,-111.8,270.0,top
LED3,138.6,-119.0,180.0,top
LED5,133.5,-91.6,0.0,top
LED6,176.7,-109.4,0.0,top
NT1,138.05,-107.9,90.0,top
Q1,164.13,-80.85,90.0,top
Q2,158.51,-80.85,270.0,top
Q3,147.16,-80.85,90.0,top
Q4,152.84,-80.85,270.0,top
Q5,141.46,-80.85,90.0,top
Q6,135.8,-80.85,270.0,top
Q8,131.4,-119.7,90.0,top
Q9,172.6,-96.495,270.0,bottom
R1,162.0,-87.6,90.0,bottom
R11,153.7,-107.7,270.0,top
R12,171.1,-114.0,90.0,top
R13,169.1,-116.8,90.0,top
R14,143.0,-96.2,180.0,bottom
R15,139.7,-95.3,270.0,bottom
R16,124.28,-107.0,180.0,top
R17,124.28,-108.4,180.0,top
R18,142.6,-127.4,180.0,top
R19,142.6,-126.1,180.0,top
R2,155.1,-87.6,90.0,bottom
R20,143.1,-123.4,180.0,top
R21,143.1,-124.7,0.0,top
R22,138.6,-117.8,0.0,bottom
R23,156.5,-126.7,180.0,top
R24,177.4,-102.32,90.0,bottom
R27,158.1,-116.7,0.0,bottom
R28,158.1,-113.7,0.0,bottom
R29,158.1,-119.8,0.0,bottom
R3,138.45,-86.7,0.0,bottom
R30,155.777,-117.3,90.0,bottom
R31,155.777,-114.4,270.0,bottom
R32,155.777,-120.6,270.0,bottom
R33,172.6,-116.8,90.0,top
R34,171.2,-116.8,270.0,top
R35,134.3,-95.1,270.0,bottom
R36,138.6,-100.3,270.0,bottom
R37,124.9,-107.4,0.0,bottom
R38,124.9,-106.1,180.0,bottom
R39,139.9,-100.3,90.0,bottom
R4,141.2,-82.3,270.0,bottom
R40,126.7,-98.4,0.0,bottom
R41,126.7,-99.8,180.0,bottom
R42,168.3,-113.6,0.0,top
R43,167.6,-115.72,90.0,top
R44,153.1,-111.9,270.0,top
R45,151.7,-111.9,270.0,top
R46,126.7,-95.7,0.0,bottom
R47,158.4,-110.6,180.0,top
R48,148.9,-111.8,90.0,top
R49,138.6,-117.8,0.0,top
R50,124.3,-94.2,180.0,bottom
R51,136.7,-91.6,0.0,top
R52,126.7,-97.0,180.0,bottom
R53,130.1,-116.8,90.0,top
R54,131.85,-97.95,0.0,bottom
R55,168.12,-119.4,180.0,bottom
R56,168.12,-118.0,180.0,bottom
R57,168.1,-116.6,180.0,bottom
R58,168.1,-115.2,180.0,bottom
R59,176.7,-108.1,180.0,top
R60,124.75,-87.2,270.0,bottom
R61,128.7,-118.45,270.0,top
R68,134.3,-112.8,0.0,bottom
R69,134.0,-109.4,270.0,bottom
R70,156.1,-108.6,0.0,bottom
R71,153.25,-108.6,0.0,bottom
SW1,151.1,-106.4,90.0,top
SW2,156.4,-106.4,270.0,top
U1,134.7075,-113.7,270.0,top
U2,134.8,-103.9,0.0,top
U3,147.5,-94.35,180.0,top
U4,134.6,-117.7,90.0,top
U5,150.0,-100.0,180.0,bottom
U6,152.9,-115.1,90.0,top
U7,164.5,-112.6175,270.0,top
U8,145.0,-114.6,90.0,top
USB1,150.0,-125.75,0.0,top
X1,146.3,-107.0,90.0,top
