Designator,Footprint,Quantity,Value,LCSC Part #
"C10, C11, C16, C44, C45, C7, C8, C9",C_0603,8,100nf,C108079
C12,C_0805,1,10uf,C711098
"C13, C43",C_0603,2,10nf,C519406
"C14, C15, C49, C58, C59, C60, C61",C_0603,7,1uf,C106248
"C17, C18",0402,2,16pF,C5142569
C19,C_0603,1,1uF,C14664
C20,C_0603,1,47nF,C513577
C21,C_0603,1,0.1uF,C14663
"C22, C28, C29",C_0805,3,10uF,C162422
C23,C_0603,1,1uF 6.3V,C2169508
"C24, C42, C62",C_0603,3,0.1uF,C108079
"C25, C26, C27, C50, C53, C54",C_0603,6,1uF,C559769
"C30, C31, C32, C33, C34, C35, C36, C37, C38, C39, C40, C41",C_0805,12,15uF,C162422
"C46, C47, C48",C_0603,3,10pF,C2168592
"C51, C52",C_0603,2,100nF,C14663
"C55, C56",1210,2,47uF,C77101
C57,C_0603,1,1pF,C29936
"D1, D2, D3, D4, D5",SOD-523_L1.2-W0.8-LS1.6-RD-1,5,BAT30KFILM,C2926449
D10,SOD-123F_L2.8-W1.8-LS3.7-RD,1,12V,C177013
D11,SMB_L4.6-W3.6-LS5.3-RD,1,SMBJ30A-TR,C133663
"DA1, DA2",SOT-666-6_L1.6-W1.2-P0.50-LS1.6-BR,2,USBLC6-2P6,C15999
FB1,L0402,1,BLM15BX601SN1D,C710336
J1,CONN-SMD_GT-A1257WRS-103SBT01,1,GT-A1257WRS-103SBT01,C22472755
J10,PHASE_PAD,1,~,
J11,CONN-TH_XT30PW-M,1,XT30PW-M,C431092
J12,3x3BusBar Pad,1,~,
J3,CONN-SMD_5P-P1.25_SM05B-GHS-TB-LF-SN,1,SM05B-GHS-TB,C189896
J5,CONN-SMD_SM02B-GHS-TB-LF-SN,1,XY-SM02B-GHS-TB,C54582897
J8,TestPadArray1x4,1,~,
J9,5x3BusBar Pad,1,~,
L1,IND-SMD_L6.0-W6.0_VLS6045EX,1,15uH,C404502
"LED1, LED2, LED3, LED6",LED0603-RD_RED,4,150060RS75000,C3030991
LED5,LED0805-RD,1,LTST-C171KGKT,C98224
"Q1, Q2, Q3, Q4, Q5, Q6",DFN-8_L5.8-W4.9-P1.27-LS6.0-BL-1,6,STL110N10F7,C672185
Q8,SOT-23_L2.9-W1.3-P1.90-LS2.4-BR,1,PJA138K_R1_00001,C2902548
Q9,TO-252-2_L6.6-W6.1-P4.58-LS9.9-TL,1,TJ60S04M3L-VB,C7494452
"R1, R2, R3",RES-SMD_L6.3-W3.2_R2512,3,PEWF2512D2L00Q9,C19697176
"R11, R15, R24, R59",R_0603,4,10k,C98220
"R12, R23",R_0603,2,2.55M,C54102347
R13,R_0603,1,200k,C2907009
R14,R_0603,1,0,C2906974
"R16, R17",R_0603,2,10,C844919
"R18, R19, R54",R_0603,3,5.1k,C2907044
"R20, R21, R33, R44",R_0603,4,100k,C2906980
R22,R_0603,1,120,C2906988
"R27, R28, R29, R30, R31, R32, R70, R71",R_0603,8,1.8k,C286575
R34,R_0603,1,6.34k,C321969
R35,R_0603,1,3.24k,C728589
"R36, R37, R38, R39, R40, R41, R46, R47, R48, R50, R51, R52, R53, R55, R56, R57, R58, R60, R61, R68, R69",R_0603,21,1k,C14676
R4,R0603,1,10k,C153011
R42,R_0603,1,100k 0.5%,C122538
R43,R_0603,1,19.1k 0.5%,C861184
R45,R_0603,1,40.2k,C286588
R49,R_0603,1,500,C73811
"SW1, SW2",SW-SMD_4P-L4.2-W3.4-P2.15-LS5.2,2,SH-1808SN-250GF,C52092028
U1,SOT-23-8_L2.9-W1.6-P0.65-LS2.8-BR,1,TCAN330DCNT,C2671056
U2,LQFP-64_L10.0-W10.0-P0.50-LS12.0-BL,1,STM32G474RET3,C1236669
U3,WQFN-40_L6.0-W6.0-P0.50-TL-EP4.5,1,DRV8323SRTAT,C2150452
U4,SOT-23-3_L2.9-W1.3-P1.90-LS2.4-BR,1,ESD2CAN24DBZRQ1,C5736151
U5,TSSOP-14_L5.0-W4.4-P0.65-LS6.4-BL,1,AS5047P-ATSM_C22459881,C22459881
U6,SOT-583-8_L2.1-W1.6-P0.50-LS1.6-BL,1,TPS2116DRLR,C3235557
U7,SOT-23-6_L2.9-W1.6-P0.95-LS2.9-BL,1,LMR51625XDDCR_C44750835,C44750835
U8,SOT-23-5_L3.0-W1.6-P0.95-LS2.8-BR,1,AP7366EA-33W5-7,C22038443
USB1,USB-C-SMD_GT-USB-7010B,1,USB4215-03-A,C37616412
X1,CRYSTAL-SMD_4P-L3.2-W2.5-BL,1,3225 8M 12PF 10PPM,C5181478
