"Reference","Qty","Value","DNP","Exclude from BOM","Exclude from Board","Footprint","Datasheet","LCSC Part"
"C7,C8,C9,C10,C11,C16","6","100nf","","","","core:C_0603","","C108079"
"C12","1","10uf","","","","core:C_0805","","C711098"
"C13","1","10nf","","","","core:C_0603","","C519406"
"C14,C15","2","1uf","","","","core:C_0603","","C106248"
"C17,C18","2","16pF","","","","Capacitor_SMD:C_0402_1005Metric","","C5142569"
"C19","1","1uF","","","","core:C_0603","","C14664"
"C20","1","47nF","","","","core:C_0603","","C513577"
"C21","1","0.1uF","","","","core:C_0603","","C14663"
"C22,C28,C29","3","10uF","","","","core:C_0805","","C162422"
"C23","1","1uF 6.3V","","","","core:C_0603","","C2169508"
"C24,C42,C62","3","0.1uF","","","","core:C_0603","","C108079"
"C25,C26,C27,C50,C53,C54","6","1uF","","","","core:C_0603","","C559769"
"C30,C31,C32,C33,C34,C35,C36,C37,C38,C39,C40,C41","12","15uF","","","","core:C_0805","","C162422"
"C43","1","10nF","","","","core:C_0603","","C519406"
"C44,C45","2","100nF","","","","core:C_0603","","C108079"
"C46,C47,C48","3","10pF","","","","core:C_0603","","C2168592"
"C49,C58,C59,C60,C61","5","1uF","","","","core:C_0603","","C106248"
"C51,C52","2","100nF","","","","core:C_0603","","C14663"
"C55,C56","2","47uF","","","","Capacitor_SMD:C_1210_3225Metric","","C77101"
"C57","1","1pF","","","","core:C_0603","","C29936"
"C64,C65,C66,C67,C68,C69","6","10uF","DNP","","","core:C_0603","",""
"D1,D2,D3,D4,D5","5","BAT30KFILM","","","","core:SOD-523_L1.2-W0.8-LS1.6-RD-1","https://www.lcsc.com/datasheet/C2926449.pdf","C2926449"
"D10","1","12V","","","","core:SOD-123F_L2.8-W1.8-LS3.7-RD","https://lcsc.com/product-detail/Others_Diodes-Incorporated_BZT52C12-13-F_Diodes-Incorporated-BZT52C12-13-F_C177013.html","C177013"
"D11","1","SMBJ30A-TR","","","","core:SMB_L4.6-W3.6-LS5.3-RD","https://lcsc.com/product-detail/TVS_STMicroelectronics_SMBJ30A-TR_SMBJ30A-TR_C133663.html","C133663"
"DA1,DA2","2","USBLC6-2P6","","","","core:SOT-666-6_L1.6-W1.2-P0.50-LS1.6-BR","https://lcsc.com/product-detail/Diodes-ESD_STMicroelectronics_USBLC6-2P6_USBLC6-2P6_C15999.html","C15999"
"FB1","1","BLM15BX601SN1D","","","","core:L0402","https://www.lcsc.com/datasheet/C710336.pdf","C710336"
"J1","1","GT-A1257WRS-103SBT01","","","","my_connector:CONN-SMD_GT-A1257WRS-103SBT01","https://www.lcsc.com/datasheet/C22472755.pdf","C22472755"
"J2","1","BM04B-GHS-TBT","DNP","","","my_connector:CONN-SMD_4P-P1.25_BM04B-GHS-TBT-LF-SN","https://lcsc.com/product-detail/Connectors_JST_BM04B-GHS-TBT-LF-SN_GHseries-socket-1-4P-pitch1-25mm-SMD_C161692.html","C161692"
"J3","1","SM05B-GHS-TB","","","","my_connector:CONN-SMD_5P-P1.25_SM05B-GHS-TB-LF-SN","https://lcsc.com/product-detail/Connectors_JST-Sales-America_SM05B-GHS-TB-LF-SN_JST-Sales-America-SM05B-GHS-TB-LF-SN_C189896.html","C189896"
"J4","1","S10B-PHDSS","DNP","","","my_connector:CONN-TH_S10B-PHDSS-LF-SN","https://lcsc.com/product-detail/PH-Connectors_JST_S10B-PHDSS-LF-SN_PHDseries-socket-2-5P-pitch2mm-Curved-needle_C161672.html","C161672"
"J5","1","XY-SM02B-GHS-TB","","","","my_connector:CONN-SMD_SM02B-GHS-TB-LF-SN","https://www.lcsc.com/datasheet/C54582897.pdf","C54582897"
"J6","1","Header_2Rows-05Pins","DNP","","","my_connector:PinHeader_2_row_5_pin_P2.54mm_Vertical","",""
"J7","1","Conn_02x01","DNP","","","Connector_PinHeader_2.54mm:PinHeader_1x02_P2.54mm_Vertical","",""
"J8","1","","","","","my_connector:TestPadArray1x4","",""
"J9,J12","2","","","","","my_connector:3x3BusBar Pad","",""
"J10","1","","","","","my_connector:PHASE_PAD","",""
"J11","1","XT30PW-M","","","","my_connector:CONN-TH_XT30PW-M","https://lcsc.com/product-detail/New-Arrivals_Changzhou-Amass-Elec-XT30PW-MMale-head_C431092.html","C431092"
"L1","1","15uH","","","","core:IND-SMD_L6.0-W6.0_VLS6045EX","https://lcsc.com/product-detail/Power-Inductors_TDK-VLS6045EX-150M_C404502.html","C404502"
"LED1,LED2,LED3,LED6","4","150060RS75000","","","","core:LED0603-RD_RED","https://www.lcsc.com/datasheet/C3030991.pdf","C3030991"
"LED5","1","LTST-C171KGKT","","","","core:LED0805-RD","https://lcsc.com/product-detail/Light-Emitting-Diodes-LED_LTST-C171KGKT_C98224.html","C98224"
"Q1,Q2,Q3,Q4,Q5,Q6","6","STL110N10F7","","","","core:DFN-8_L5.8-W4.9-P1.27-LS6.0-BL-1","https://www.lcsc.com/datasheet/C672185.pdf","C672185"
"Q8","1","PJA138K_R1_00001","","","","core:SOT-23_L2.9-W1.3-P1.90-LS2.4-BR","https://www.lcsc.com/datasheet/C2902548.pdf","C2902548"
"Q9","1","TJ60S04M3L-VB","","","","core:TO-252-2_L6.6-W6.1-P4.58-LS9.9-TL","https://www.lcsc.com/datasheet/C7494452.pdf","C7494452"
"R1,R2,R3","3","PEWF2512D2L00Q9","","","","core:RES-SMD_L6.3-W3.2_R2512","https://www.lcsc.com/datasheet/C19697176.pdf","C19697176"
"R4","1","10k","","","","core:R0603","https://lcsc.com/product-detail/NTC-Thermistors_PANASONIC-ERT-J1VG103FA_C153011.html","C153011"
"R11,R15,R24,R59","4","10k","","","","core:R_0603","","C98220"
"R12,R23","2","2.55M","","","","core:R_0603","","C54102347"
"R13","1","200k","","","","core:R_0603","","C2907009"
"R14","1","0","","","","core:R_0603","","C2906974"
"R16,R17","2","10","","","","core:R_0603","","C844919"
"R18,R19,R54","3","5.1k","","","","core:R_0603","","C2907044"
"R20,R21,R33,R44","4","100k","","","","core:R_0603","","C2906980"
"R22","1","120","","","","core:R_0603","","C2906988"
"R27,R28,R29,R30,R31,R32,R70,R71","8","1.8k","","","","core:R_0603","","C286575"
"R34","1","6.34k","","","","core:R_0603","","C321969"
"R35","1","3.24k","","","","core:R_0603","","C728589"
"R36,R37,R38,R39,R40,R41,R46,R47,R48,R50,R51,R52,R53,R55,R56,R57,R58,R60,R61,R68,R69","21","1k","","","","core:R_0603","","C14676"
"R42","1","100k 0.5%","","","","core:R_0603","","C122538"
"R43","1","19.1k 0.5%","","","","core:R_0603","","C861184"
"R45","1","40.2k","","","","core:R_0603","","C286588"
"R49","1","500","","","","core:R_0603","","C73811"
"R62,R63,R64,R65,R66,R67","6","1k","DNP","","","core:R_0603","",""
"SW1,SW2","2","SH-1808SN-250GF","","","","core:SW-SMD_4P-L4.2-W3.4-P2.15-LS5.2","https://www.lcsc.com/datasheet/C52092028.pdf","C52092028"
"U1","1","TCAN330DCNT","","","","core:SOT-23-8_L2.9-W1.6-P0.65-LS2.8-BR","https://www.lcsc.com/datasheet/C2671056.pdf","C2671056"
"U2","1","STM32G474RET3","","","","my_mcu:LQFP-64_L10.0-W10.0-P0.50-LS12.0-BL","https://www.lcsc.com/datasheet/C1236669.pdf","C1236669"
"U3","1","DRV8323SRTAT","","","","core:WQFN-40_L6.0-W6.0-P0.50-TL-EP4.5","https://www.lcsc.com/datasheet/C2150452.pdf","C2150452"
"U4","1","ESD2CAN24DBZRQ1","","","","core:SOT-23-3_L2.9-W1.3-P1.90-LS2.4-BR","https://www.lcsc.com/datasheet/C5736151.pdf","C5736151"
"U5","1","AS5047P-ATSM_C22459881","","","","core:TSSOP-14_L5.0-W4.4-P0.65-LS6.4-BL","https://www.lcsc.com/datasheet/C22459881.pdf","C22459881"
"U6","1","TPS2116DRLR","","","","core:SOT-583-8_L2.1-W1.6-P0.50-LS1.6-BL","https://www.lcsc.com/datasheet/C3235557.pdf","C3235557"
"U7","1","LMR51625XDDCR_C44750835","","","","core:SOT-23-6_L2.9-W1.6-P0.95-LS2.9-BL","https://www.lcsc.com/datasheet/C44750835.pdf","C44750835"
"U8","1","AP7366EA-33W5-7","","","","core:SOT-23-5_L3.0-W1.6-P0.95-LS2.8-BR","https://www.lcsc.com/datasheet/C22038443.pdf","C22038443"
"USB1","1","USB4215-03-A","","","","my_connector:USB-C-SMD_GT-USB-7010B","https://www.lcsc.com/datasheet/C37616412.pdf","C37616412"
"X1","1","3225 8M 12PF 10PPM","","","","core:CRYSTAL-SMD_4P-L3.2-W2.5-BL","https://www.lcsc.com/datasheet/C5181478.pdf","C5181478"
